Epoch,Accuracy,Val_Accuracy,Loss,Val_Loss,Learning_Rate
1,0.4767318665981293,0.7417986989021301,1.6966828107833862,0.9132084250450134,0.001
2,0.651563286781311,0.7462620139122009,1.136152744293213,0.8374890089035034,0.001
3,0.7023909091949463,0.7757197022438049,0.9777201414108276,0.7367451786994934,0.001
4,0.7363874316215515,0.8239232301712036,0.8784599304199219,0.6397609710693359,0.001
5,0.7563952803611755,0.8643159866333008,0.8321925401687622,0.5292705297470093,0.001
6,0.7701610922813416,0.8442311882972717,0.7877158522605896,0.6011471748352051,0.001
7,0.7792453765869141,0.846016526222229,0.7577669620513916,0.5734000205993652,0.001
8,0.7847628593444824,0.8596295714378357,0.7444600462913513,0.5357049107551575,0.0005
9,0.8017054200172424,0.8424459099769592,0.6996756196022034,0.5802271366119385,0.0005
10,0.813632071018219,0.8678866028785706,0.666799008846283,0.5013794898986816,0.0005
11,0.8212673664093018,0.8567284345626831,0.649669885635376,0.5322090983390808,0.0005
12,0.8206542730331421,0.8799375295639038,0.638921320438385,0.48496440052986145,0.0005
13,0.8227163553237915,0.8794912099838257,0.6303075551986694,0.4787677228450775,0.0005
14,0.8298500776290894,0.8743584156036377,0.6228392124176025,0.47864851355552673,0.0005
15,0.830741822719574,0.8855166435241699,0.6142918467521667,0.45731326937675476,0.0005
16,0.5297887921333313,0.8654318451881409,1.7280594110488892,0.547258734703064,1e-05
17,0.6758624315261841,0.8743584156036377,1.1125367879867554,0.541583240032196,1e-05
18,0.7455832362174988,0.8866324424743652,0.8697068691253662,0.48534056544303894,1e-05
19,0.7886641025543213,0.8997991681098938,0.7366000413894653,0.43169984221458435,1e-05
20,0.824109673500061,0.9176523089408875,0.6319875717163086,0.37373629212379456,1e-05
21,0.8432257771492004,0.9292568564414978,0.5695104598999023,0.33451053500175476,1e-05
22,0.8639580607414246,0.9363981485366821,0.5124447345733643,0.3078199028968811,1e-05
23,0.8810120820999146,0.9426467418670654,0.4638596177101135,0.2920689284801483,1e-05
